,datePublished,id,publicationYear,anSQL,aSQL
0,2009-01-01,ark://27927/pbd1pgqfbnb,2009,1,0
1,2015-01-01,ark://27927/pbd1pgrrq8r,2015,1,0
2,2009-01-01,ark://27927/pbd6bn866k,2009,0,1
3,2011-01-01,ark://27927/pbd6bvp8dh,2011,1,0
4,2009-01-01,ark://27927/pbd6f4pcdd,2009,0,1
5,2009-01-01,ark://27927/pbd6fsddcn,2009,0,1
6,2009-01-01,ark://27927/pbd6h10njw,2009,0,1
7,2009-01-01,ark://27927/pbd6h9n14t,2009,1,1
8,2007-01-01,ark://27927/pbd81b508x,2007,0,1
9,2012-01-01,ark://27927/pbd82rtnch,2012,0,1
10,2010-01-01,ark://27927/pbd867n15s,2010,1,0
11,2012-01-01,ark://27927/pbd98gqdh5,2012,1,1
12,2009-01-01,ark://27927/pbd98kxd3w,2009,1,0
13,2009-01-01,ark://27927/pbd992rdf0,2009,1,0
14,2010-02-25,ark://27927/pbd9dh0bqt,2010,1,0
15,2011-03-16,ark://27927/pbd9dh363x,2011,0,1
16,2004-11-30,ark://27927/pbd9dj340t,2004,1,0
17,2000-09-15,ark://27927/pbd9djqjkg,2000,1,0
18,2008-10-06,ark://27927/pbf42gccbx,2008,1,0
19,2005-05-01,ark://27927/pc0156h05v,2005,1,0
20,2005-04-01,ark://27927/pc015889h2,2005,1,0
21,2005-07-01,ark://27927/pc016f8fqj,2005,0,1
22,2005-06-01,ark://27927/pc016ff24p,2005,1,0
23,2005-02-01,ark://27927/pc016ffh3f,2005,1,0
24,2006-05-01,ark://27927/pc01qc19g,2006,1,0
25,2006-01-01,ark://27927/pc01z0xgn,2006,1,0
26,2006-05-01,ark://27927/pc044rj4st,2006,0,1
27,1998-08-01,ark://27927/pc0468zd04,1998,1,0
28,1998-01-01,ark://27927/pc0489cssw,1998,0,1
29,1998-10-01,ark://27927/pc048dn8hb,1998,1,0
30,1999-07-10,ark://27927/pc04q44dgn,1999,1,0
31,2003-07-10,ark://27927/pc04xx4sc6,2003,0,1
32,2005-01-01,ark://27927/pc053xtp3t,2005,1,0
33,1999-06-15,ark://27927/pc054kpr6s,1999,1,0
34,2005-07-01,ark://27927/pc054prbg8,2005,1,0
35,1999-06-01,ark://27927/pc0573sph5,1999,1,0
36,2002-10-01,ark://27927/pc05d21wr9,2002,1,0
37,2002-11-01,ark://27927/pc05htxz0s,2002,1,0
38,2003-06-01,ark://27927/pc05hv6n0f,2003,1,0
39,2002-01-01,ark://27927/pc05hw08cj,2002,1,0
40,2002-01-01,ark://27927/pc05hw08fk,2002,1,0
41,2002-01-01,ark://27927/pc05hw9qq1,2002,0,1
42,2004-12-01,ark://27927/pc05jb6mwk,2004,1,0
43,2007-07-25,ark://27927/pc08rz1qmd,2007,0,1
44,1997-04-01,ark://27927/pc0bpcqc4,1997,1,0
45,2000-01-01,ark://27927/pc0ccxs1r,2000,0,1
46,2000-01-01,ark://27927/pc0ccxsfj,2000,0,1
47,2000-01-01,ark://27927/pc0ccxsnf,2000,0,1
48,2000-01-01,ark://27927/pc0ccxt0q,2000,0,1
49,2000-01-01,ark://27927/pc0ccxt54,2000,0,1
50,2000-01-01,ark://27927/pc0cd27zn,2000,1,0
51,1999-09-01,ark://27927/pc0dd7fg0,1999,1,1
52,2007-10-01,ark://27927/pc0dnf6x9x,2007,0,1
53,2007-10-01,ark://27927/pc0dnf6xf0,2007,0,1
54,1999-01-01,ark://27927/pc0dtks1w,1999,1,0
55,2000-10-01,ark://27927/pc0dvpd03,2000,1,0
56,2007-04-10,ark://27927/pc0ktrxx1,2007,1,0
57,2007-03-01,ark://27927/pc0m2m7tz,2007,0,1
58,2004-01-01,ark://27927/pc0mgxv73,2004,0,1
59,2004-03-01,ark://27927/pc0n62446,2004,1,0
60,2007-11-01,ark://27927/pd19qk5f1,2007,1,0
61,2007-11-01,ark://27927/pd3v97jgw,2007,1,0
62,2009-03-10,ark://27927/pf1d0271tp,2009,1,0
63,2008-12-01,ark://27927/pf1d1kdbdn,2008,1,0
64,2009-03-25,ark://27927/pf1f3vm7x2,2009,1,0
65,2009-04-01,ark://27927/pf1f4d0j8h,2009,1,0
66,2008-01-01,ark://27927/pf1qdvjwj,2008,1,0
67,2009-09-25,ark://27927/pf1wpfx9cr,2009,1,0
68,2009-09-01,ark://27927/pf1z4t25d9,2009,1,0
69,2009-09-01,ark://27927/pf1z58hq71,2009,0,1
70,2008-04-10,ark://27927/pf9m6d7c2,2008,1,0
71,2008-04-01,ark://27927/pfc4sh86k,2008,0,1
72,2008-06-25,ark://27927/pfgc453fq,2008,1,0
73,2008-01-01,ark://27927/pfm5jj77w,2008,0,1
74,2009-06-28,ark://27927/pgf1468c2bg,2009,1,0
75,2011-08-01,ark://27927/pgf17rmz0x8,2011,0,1
76,2010-07-01,ark://27927/pgf8jkf2q6,2010,1,0
77,2010-04-01,ark://27927/pgf8k87d9s,2010,0,1
78,2010-09-01,ark://27927/pgf8n0dx9q,2010,1,0
79,2007-06-01,ark://27927/pgf8pzbctt,2007,1,0
80,2009-01-13,ark://27927/pgff187ww0,2007,1,0
81,2011-03-01,ark://27927/pgfv7xc3pv,2011,0,1
82,2009-04-02,ark://27927/pgg1214cw5t,2009,1,0
83,2012-09-05,ark://27927/pgg1bk36mtz,2012,1,0
84,2011-11-25,ark://27927/pgg1bk4gvz3,2011,1,0
85,2012-11-01,ark://27927/pgg1f8mczv7,2012,1,0
86,2012-12-01,ark://27927/pgg1mzfb95t,2012,0,1
87,2013-01-01,ark://27927/pgg1n3k48wt,2013,1,0
88,2012-01-13,ark://27927/pgg1p62t8qm,2012,1,0
89,2013-03-01,ark://27927/pgg1rz7zmj2,2013,0,1
90,2012-01-01,ark://27927/pgg1sn9xb5x,2012,0,1
91,2012-01-01,ark://27927/pgg1sn9xbwh,2012,1,0
92,2013-02-01,ark://27927/pgg1tsst8dm,2013,1,0
93,2010-03-24,ark://27927/pgg1wnrtmpv,2010,0,1
94,2013-04-30,ark://27927/pgg1xqht103,2013,0,1
95,2013-08-01,ark://27927/pgg2hhd8zhk,2013,1,0
96,2013-09-01,ark://27927/pgg2hkxxcj2,2013,1,0
97,2009-11-16,ark://27927/pgg2hvt248x,2009,1,0
98,2013-01-01,ark://27927/pgg2jz4vvc6,2013,1,0
99,2013-09-01,ark://27927/pgg2pqrjz90,2013,1,0
100,2012-01-01,ark://27927/pgg32d29fk3,2012,0,1
101,2004-01-01,ark://27927/pgg32fk30zp,2004,0,1
102,2006-01-01,ark://27927/pgg32fztzxp,2006,1,0
103,2008-01-01,ark://27927/pgg32fzv5kr,2008,1,0
104,2010-01-01,ark://27927/pgg32g0pfp0,2010,1,0
105,2011-01-01,ark://27927/pgg32g1pcj6,2011,1,0
106,1995-11-01,ark://27927/pgg3m837br6,1995,1,0
107,2013-12-01,ark://27927/pgg3z38629c,2013,0,1
108,2013-01-15,ark://27927/pgg43k9gvx5,2013,0,1
109,2012-04-13,ark://27927/pgg43kz1jbc,2012,1,0
110,2014-01-01,ark://27927/pgg4sv9rjv5,2014,0,1
111,2013-12-01,ark://27927/pgg4t6ghkwm,2013,0,1
112,2010-12-21,ark://27927/pgg4t6v79gx,2010,1,0
113,2010-12-21,ark://27927/pgg4t6v7f1t,2010,1,0
114,2014-04-01,ark://27927/pgg4xvrpq4j,2014,1,0
115,2010-09-13,ark://27927/pgg5dvn33x1,2010,1,0
116,2014-05-01,ark://27927/pgg5f92tqk3,2014,0,1
117,2012-10-01,ark://27927/pgg5j96cd18,2012,1,0
118,2011-08-01,ark://27927/pgg707w05j,2011,0,1
119,2007-02-01,ark://27927/pggmwt0z0h,2007,0,1
120,2013-09-01,ark://27927/pgh123f6fkg,2013,1,0
121,2012-09-02,ark://27927/pgh12vvvh86,2012,1,0
122,2013-07-01,ark://27927/pgh1918852m,2013,1,0
123,2012-04-01,ark://27927/pgh1ds7r07b,2012,1,0
124,2011-07-01,ark://27927/pgh1f1w84kz,2011,0,1
125,2014-10-01,ark://27927/pgh1fb606g7,2014,1,0
126,1989-03-01,ark://27927/pgh1fvdcvb2,1989,1,0
127,2014-06-11,ark://27927/pgh218jtxrj,2014,1,0
128,2014-09-17,ark://27927/pgh219ftjqc,2014,0,1
129,2014-08-31,ark://27927/pgh219fvr1x,2014,0,1
130,2014-09-01,ark://27927/pgh22bkmh3m,2014,0,1
131,2007-01-01,ark://27927/pgh2gmv1c6f,2007,1,0
132,2009-01-01,ark://27927/pgh2gmv2rcc,2009,0,1
133,2015-02-01,ark://27927/pgh30wd1v1f,2015,1,0
134,2014-06-01,ark://27927/pgh3h7qb,2014,1,0
135,2014-06-01,ark://27927/pgh3pd3rthj,2014,1,0
136,2014-08-01,ark://27927/pgh3pfz79jq,2014,1,0
137,2003-07-01,ark://27927/pgh3tqzc94v,2003,1,0
138,2002-08-01,ark://27927/pgh3tqzgpgh,2002,1,0
139,2009-07-01,ark://27927/pgh3tr6frmt,2009,1,0
140,2010-07-01,ark://27927/pgh3tr8q5t3,2010,1,0
141,1998-07-01,ark://27927/pgh3trmb2b0,1998,1,0
142,2013-09-02,ark://27927/pghbz520v8,2013,0,1
143,2014-06-01,ark://27927/pghg215qgx,2014,1,0
144,2013-04-01,ark://27927/pghjqf12xj,2013,1,0
145,2013-01-01,ark://27927/pghjsrwn10,2013,0,1
146,2014-06-01,ark://27927/pghmhxzsb6,2014,0,1
147,2015-07-01,ark://27927/pgj143hp1q6,2015,1,0
148,2012-07-01,ark://27927/pgj1v8rd6h,2012,1,0
149,2015-07-01,ark://27927/pgj1z9h5ggd,2015,1,0
150,2005-04-01,ark://27927/pgj21wpk7br,2005,0,1
151,2013-03-22,ark://27927/pgj2bwmnwrp,2013,0,1
152,2003-11-01,ark://27927/pgj2c4h4jc4,2003,1,0
153,2003-11-01,ark://27927/pgj2c4h4jr6,2003,1,0
154,2007-09-28,ark://27927/pgj2ccj2njt,2007,1,0
155,2005-09-01,ark://27927/pgj2cdw8223,2005,0,1
156,2013-10-07,ark://27927/pgj2cf0629r,2013,1,0
157,1997-05-01,ark://27927/pgj2cf37mt4,1997,1,0
158,2004-06-01,ark://27927/pgj2cf7pqpj,2004,0,1
159,2004-11-30,ark://27927/pgj2chxw5dj,2004,0,1
160,2004-02-29,ark://27927/pgj2chxx4gm,2004,1,0
161,2012-04-13,ark://27927/pgj2cj00trn,2012,1,0
162,2004-10-01,ark://27927/pgj2cn0z5kt,2004,0,1
163,2004-10-01,ark://27927/pgj2cn0z5s4,2004,0,1
164,2006-05-01,ark://27927/pgj2cqhsdrb,2006,1,0
165,1997-06-01,ark://27927/pgj2d4np5bs,1997,1,0
166,1995-04-01,ark://27927/pgj2d6f1jdj,1995,1,0
167,2004-09-01,ark://27927/pgj2d6hb7b1,2004,0,1
168,2006-07-01,ark://27927/pgj2d6hcnsw,2006,1,0
169,2006-01-01,ark://27927/pgj2d6hpfxb,2006,1,0
170,2006-01-01,ark://27927/pgj2d6hpgkb,2006,1,0
171,2010-06-15,ark://27927/pgj2d6k2dwg,2010,1,0
172,2012-03-02,ark://27927/pgj2d6n0g3r,2012,0,1
173,2014-08-19,ark://27927/pgj2d6nxh16,2014,0,1
174,2002-07-01,ark://27927/pgj2d6qkt77,2002,1,0
175,2012-07-20,ark://27927/pgj2d787rnk,2012,0,1
176,2007-04-24,ark://27927/pgj2dj8kpvd,2007,1,0
177,1995-02-01,ark://27927/pgj2dpcs0vz,1995,0,1
178,2004-12-01,ark://27927/pgj2dqs68cz,2004,1,0
179,1988-05-01,ark://27927/pgj2dtj6bc3,1988,1,0
180,1994-01-01,ark://27927/pgj2dvr85d4,1994,0,1
181,1999-08-01,ark://27927/pgj2dxnx8gf,1999,0,1
182,1996-02-01,ark://27927/pgj2f5r5stq,1996,1,0
183,2007-08-07,ark://27927/pgj2fbtbg72,2007,1,0
184,1999-02-01,ark://27927/pgj2gk78hx9,1999,1,0
185,1999-08-01,ark://27927/pgj2gk7bc2d,1999,1,0
186,2015-10-01,ark://27927/pgj2hhb2s59,2015,0,1
187,2013-05-01,ark://27927/pgj2jbn3k3x,2013,1,0
188,2014-11-01,ark://27927/pgj2jmqwtdt,2014,1,0
189,1994-06-01,ark://27927/pgj2tjc97x,1994,0,1
190,1995-03-01,ark://27927/pgj2tntzf8,1995,1,0
191,2011-03-22,ark://27927/pgj2z7f0ckq,2011,1,0
192,2013-07-22,ark://27927/pgj2z80004f,2013,0,1
193,2011-11-01,ark://27927/pgj2z9nmw75,2011,1,0
194,2012-02-01,ark://27927/pgj33srpm4,2012,0,1
195,2012-04-01,ark://27927/pgj3f15pvt,2012,0,1
196,2015-03-18,ark://27927/pgjc4k41cx,2015,1,0
197,2014-02-13,ark://27927/pgjf51d88s,2014,0,1
198,2015-04-01,ark://27927/pgjg5xv1s3,2015,0,1
199,2015-06-01,ark://27927/pgjhjsxbq5,2015,1,0
200,2015-03-01,ark://27927/pgjj4wxvhb,2015,1,1
201,2015-04-01,ark://27927/pgjj8c44tv,2015,1,0
202,2015-05-01,ark://27927/pgjjvc45wt,2015,1,0
203,2015-11-01,ark://27927/pgk1657nkz5,2015,0,1
204,2014-08-16,ark://27927/pgk1d2spmt5,2014,1,0
205,2016-01-01,ark://27927/pgk1fmg2r4g,2016,1,0
206,2013-07-16,ark://27927/pgk1gf3qrqd,2013,1,0
207,2011-10-26,ark://27927/pgk1gf48tqm,2011,1,0
208,2011-02-04,ark://27927/pgk1gf4jzkb,2011,1,0
209,2012-02-27,ark://27927/pgk1gf4njj1,2012,1,0
210,2016-01-01,ark://27927/pgk1j6cx11v,2016,1,0
211,2016-01-01,ark://27927/pgk1m45kbbw,2016,1,0
212,2016-01-01,ark://27927/pgk1mg4w19q,2016,1,0
213,2016-01-01,ark://27927/pgk1pm1h6c5,2016,0,1
214,2016-01-01,ark://27927/pgk1ttg6xd2,2016,1,0
215,2004-11-01,ark://27927/pgk27xt4gs2,2004,1,0
216,2012-07-16,ark://27927/pgk28jnvdzh,2012,1,0
217,2013-10-01,ark://27927/pgk2cp2hw16,2013,1,0
218,2016-03-25,ark://27927/pgk2f0prz38,2016,1,0
219,2016-03-01,ark://27927/pgk2f1jsvqr,2016,1,0
220,2016-01-01,ark://27927/pgk2hgt1w86,2016,1,0
221,2015-09-01,ark://27927/pgk2hhn6x,2015,1,0
222,2015-06-19,ark://27927/pgk2nrw1n9v,2015,0,1
223,2015-11-01,ark://27927/pgk2qkqtfb,2015,0,1
224,2016-06-01,ark://27927/pgk3d18z5n3,2016,1,0
225,2014-09-01,ark://27927/pgk3d6gd8bq,2014,0,1
226,2013-04-01,ark://27927/pgk3fg2v3qs,2013,1,0
227,2011-09-01,ark://27927/pgk3h99bdnx,2011,0,1
228,2011-12-01,ark://27927/pgk3h99bf8c,2011,1,0
229,2016-05-03,ark://27927/pgk3jthj62m,2016,0,1
230,2016-08-06,ark://27927/pgk3pgc9j7r,2016,1,0
231,2016-08-01,ark://27927/pgk3wwmd9kg,2016,1,0
232,2016-04-18,ark://27927/pgk3z93fgc7,2016,0,1
233,2015-10-01,ark://27927/pgkg3d7xtf,2015,0,1
234,2015-11-01,ark://27927/pgkz8gvwgd,2015,1,1
235,2015-11-25,ark://27927/pgkzb6scxf,2015,1,0
236,2014-01-01,ark://27927/phw16q7wh9q,2014,1,0
237,2012-05-01,ark://27927/phw16qn9fh5,2012,1,0
238,2012-04-01,ark://27927/phw16qpxnwg,2012,0,1
239,2018-02-05,ark://27927/phw1dw572tj,2018,1,0
240,2018-03-10,ark://27927/phw1jbq9tsd,2018,0,1
241,2018-01-01,ark://27927/phw1t85k8fh,2018,1,0
242,2015-06-01,ark://27927/phw23k710wt,2015,0,1
243,2018-02-21,ark://27927/phw23qf9930,2018,0,1
244,2017-11-01,ark://27927/phw2k60cm7,2017,1,0
245,2011-09-01,ark://27927/phw3k964z9,2011,1,0
246,2010-12-01,ark://27927/phw3m67kxn,2010,1,0
247,2011-08-01,ark://27927/phw3n5nn7m,2011,0,1
248,2017-11-20,ark://27927/phw4dsg4r1,2017,1,0
249,2004-12-01,ark://27927/phw4ggd5q4,2004,1,0
250,2008-11-21,ark://27927/phw4j15bcm,2008,1,0
251,2011-12-01,ark://27927/phw4m0w2j3,2011,1,0
252,2013-09-27,ark://27927/phw6h0zbs1,2013,1,0
253,2013-09-27,ark://27927/phw6h0zh4m,2013,0,1
254,2013-09-27,ark://27927/phw6h2szzw,2013,1,0
255,2013-09-27,ark://27927/phw6h2t0c1,2013,1,0
256,2017-11-01,ark://27927/phw77p4g60,2017,1,0
257,2005-01-01,ark://27927/phw7tb9ssp,2005,1,0
258,2003-11-25,ark://27927/phw8j63kr7,2003,1,0
259,2006-07-12,ark://27927/phw8j6x8cz,2006,1,0
260,2010-11-01,ark://27927/phw9fk3050,2010,1,0
261,2017-01-01,ark://27927/phwbs96ds8,2017,1,0
262,2011-12-01,ark://27927/phwcprqq7n,2011,0,1
263,2011-08-01,ark://27927/phwcpsjc0c,2011,1,0
264,2011-11-01,ark://27927/phwcrxg40h,2011,1,0
265,2011-09-01,ark://27927/phwcss3kkc,2011,1,0
266,2017-11-02,ark://27927/phwfcvzw3,2017,0,1
267,2011-09-01,ark://27927/phwfspspf5,2011,1,0
268,2007-06-01,ark://27927/phwft7m04m,2007,1,0
269,2010-12-01,ark://27927/phwftc6j2k,2010,0,1
270,2007-05-01,ark://27927/phwfwgrxpc,2007,0,1
271,2002-10-01,ark://27927/phwfxhnttf,2002,1,0
272,2006-05-01,ark://27927/phwg1s67fh,2006,0,1
273,2017-12-04,ark://27927/phwgz403xh,2017,1,0
274,2014-08-01,ark://27927/phwshr824b,2014,0,1
275,2015-05-01,ark://27927/phwsjgjj16,2015,0,1
276,2018-01-01,ark://27927/phwsm10fzx,2018,1,0
277,2014-12-01,ark://27927/phx10w05cb1,2014,1,0
278,2015-01-01,ark://27927/phx18n80dm8,2015,1,0
279,2016-11-08,ark://27927/phx1frpjn95,2016,1,0
280,2016-12-01,ark://27927/phx1jpcs1cm,2016,0,1
281,1990-05-01,ark://27927/phx1k4s77p3,1990,1,0
282,1995-11-01,ark://27927/phx1qq303dt,1995,1,0
283,2016-12-10,ark://27927/phx1qx125xp,2016,1,0
284,2013-01-01,ark://27927/phx1t1126sc,2013,1,0
285,2014-01-01,ark://27927/phx1t19vjd5,2014,1,0
286,2013-01-01,ark://27927/phx1t240n5z,2013,1,0
287,2013-01-01,ark://27927/phx1t29vdzb,2013,0,1
288,2015-01-01,ark://27927/phx1t2bv673,2015,0,1
289,2015-01-01,ark://27927/phx1t2crvt9,2015,1,0
290,2015-01-01,ark://27927/phx1t2d6wfg,2015,1,0
291,2012-01-01,ark://27927/phx1t33w05n,2012,0,1
292,2015-01-01,ark://27927/phx1t5drhvc,2015,0,1
293,1988-02-01,ark://27927/phx1v31w8xd,1988,1,0
294,1987-05-01,ark://27927/phx22zxjrs7,1987,0,1
295,1991-07-01,ark://27927/phx22zzdhtp,1991,1,0
296,2016-12-01,ark://27927/phx2btnrsz6,2016,1,0
297,2016-12-01,ark://27927/phx2c2846fs,2016,1,0
298,2017-01-01,ark://27927/phx2c3nsc18,2017,1,0
299,1991-09-01,ark://27927/phx2hqmsm9t,1991,1,0
300,1988-03-01,ark://27927/phx2hvhxz6k,1988,1,0
301,1992-06-01,ark://27927/phx2hvksfhr,1992,1,0
302,1993-10-01,ark://27927/phx2hvkshs6,1993,1,0
303,1993-03-01,ark://27927/phx2hvksq15,1993,1,0
304,1994-11-01,ark://27927/phx2hvm2whs,1994,0,1
305,1995-11-01,ark://27927/phx2hvm9tf1,1995,1,1
306,1995-05-01,ark://27927/phx2hvmf75r,1995,1,0
307,1996-06-01,ark://27927/phx2hvmvx6f,1996,1,0
308,2012-02-01,ark://27927/phx2hz33m4k,2012,1,0
309,2003-02-01,ark://27927/phx2j45r1vw,2003,0,1
310,2006-01-01,ark://27927/phx2j4gmq36,2006,1,0
311,2016-12-07,ark://27927/phx2jcg9w9n,2016,1,0
312,2017-02-01,ark://27927/phx2s2223gp,2017,0,1
313,2016-12-01,ark://27927/phx2s2rm672,2016,1,1
314,2016-12-01,ark://27927/phx2s2rm784,2016,0,1
315,2017-01-20,ark://27927/phx2t2mzg0r,2017,1,0
316,2011-12-01,ark://27927/phx2x36xxtd,2011,0,1
317,2012-01-01,ark://27927/phx33pcwff4,2012,0,1
318,2016-07-29,ark://27927/phx34kfss2t,2016,1,0
319,1997-11-01,ark://27927/phx34q9t9vm,1997,0,1
320,2005-10-01,ark://27927/phx38051mv6,2005,0,1
321,2009-01-01,ark://27927/phx3bsgk28k,2009,1,0
322,2011-06-01,ark://27927/phx3bshg46h,2011,0,1
323,2017-02-15,ark://27927/phx3c5cn7g1,2017,0,1
324,2013-01-01,ark://27927/phx3kb2gd9r,2013,1,0
325,2016-03-14,ark://27927/phx3mwq6h0,2016,1,0
326,2001-10-01,ark://27927/phx3pf4xmtp,2001,1,0
327,1983-10-01,ark://27927/phx3sv5k77b,1983,1,0
328,2003-09-01,ark://27927/phx3swnsftd,2003,0,1
329,2017-04-25,ark://27927/phx44svh852,2017,1,0
330,2008-06-01,ark://27927/phx44tfct2s,2008,1,0
331,2003-10-01,ark://27927/phx44vkn59w,2003,0,1
332,2015-05-01,ark://27927/phx4dvtjpfk,2015,1,1
333,2011-02-01,ark://27927/phx4f0tq7nm,2011,0,1
334,2016-01-01,ark://27927/phx4f9cbjs2,2016,1,0
335,2016-11-01,ark://27927/phx4kjmqj73,2016,1,0
336,1996-09-01,ark://27927/phx4mv5zfzs,1996,1,1
337,2004-08-01,ark://27927/phx4mxf03xz,2004,1,0
338,2003-08-01,ark://27927/phx4mxfsc98,2003,1,0
339,2005-07-01,ark://27927/phx4r6q39t8,2005,1,0
340,2014-09-14,ark://27927/phx4v2x0gpc,2014,0,1
341,2017-06-01,ark://27927/phx4v7x6d6k,2017,1,0
342,2017-04-01,ark://27927/phx5086bqb7,2017,0,1
343,2017-01-01,ark://27927/phx54cgkn9c,2017,1,0
344,2017-06-10,ark://27927/phx5583vb1c,2017,0,1
345,2008-01-01,ark://27927/phx5586sh86,2008,1,0
346,2016-08-01,ark://27927/phx57gzgnm,2016,1,0
347,2016-01-01,ark://27927/phx5c4466ft,2016,0,1
348,2016-01-01,ark://27927/phx5c45zqs5,2016,0,1
349,2016-01-01,ark://27927/phx5c465269,2016,1,0
350,2016-01-01,ark://27927/phx5c467gc7,2016,0,1
351,2017-01-01,ark://27927/phx5c4cxsh0,2017,1,0
352,1989-08-01,ark://27927/phx5czfbd39,1989,1,0
353,2011-10-01,ark://27927/phx5q9h1ws2,2011,0,1
354,2017-06-12,ark://27927/phx5qdhvfxc,2017,0,1
355,2014-02-02,ark://27927/phx5qmkd27r,2014,0,1
356,2009-11-30,ark://27927/phx5qmn3gcq,2009,1,0
357,2016-08-01,ark://27927/phx5szkxwf,2016,1,1
358,2012-02-01,ark://27927/phx5whb90xt,2012,1,0
359,2004-06-01,ark://27927/phx5wq8qvkm,2004,1,0
360,2008-09-01,ark://27927/phx5wq8v8rh,2008,0,1
361,2009-12-01,ark://27927/phx5wqzr91z,2009,1,0
362,2017-05-30,ark://27927/phx5x5z4fjc,2017,1,0
363,2003-07-01,ark://27927/phx5xzvvms4,2003,1,0
364,2011-10-01,ark://27927/phx5z0s0bwg,2011,1,0
365,2017-07-01,ark://27927/phx5z349f62,2017,0,1
366,1996-06-01,ark://27927/phx5z4mdc3h,1996,1,0
367,2002-06-01,ark://27927/phx5z5wdc5m,2002,0,1
368,2011-01-01,ark://27927/phx5z5whzhc,2011,1,0
369,2011-05-01,ark://27927/phx5z6pff26,2011,1,0
370,1999-08-01,ark://27927/phx5z97n00p,1999,1,0
371,1996-01-01,ark://27927/phx61665nhf,1996,1,0
372,2008-04-01,ark://27927/phx61wpq6k3,2008,0,1
373,2017-06-01,ark://27927/phx639v2cc5,2017,0,1
374,2017-06-05,ark://27927/phx639zx9kv,2017,1,0
375,2007-10-01,ark://27927/phx63r0gpz5,2007,1,0
376,2007-01-01,ark://27927/phx63vzbzfw,2007,1,0
377,2001-08-01,ark://27927/phx66cshgmx,2001,1,0
378,2017-07-01,ark://27927/phx6fq8nbdj,2017,1,0
379,2017-01-01,ark://27927/phx6tt4q6nx,2017,1,0
380,2017-09-01,ark://27927/phx753z1kn5,2017,1,0
381,2017-02-15,ark://27927/phx75g65058,2017,0,1
382,2017-09-25,ark://27927/phx76hq0v13,2017,0,1
383,2010-03-01,ark://27927/phx7bz5wnsd,2010,1,0
384,2017-01-01,ark://27927/phx7d95jmkn,2017,0,1
385,2017-01-01,ark://27927/phx7d95q0qz,2017,1,0
386,2017-09-05,ark://27927/phx7dczdg6q,2017,1,0
387,2017-08-21,ark://27927/phx7dd74gww,2017,0,1
388,2004-03-01,ark://27927/phx7ddp98hz,2004,1,0
389,2016-01-01,ark://27927/phx7dhzj642,2016,1,1
390,2017-01-01,ark://27927/phx7dj01kwh,2017,0,1
391,2017-09-05,ark://27927/phx7dj2mrgk,2017,0,1
392,2017-09-01,ark://27927/phx7k54mpjw,2017,0,1
393,2004-01-01,ark://27927/phx7rz7tqtg,2004,1,0
394,2007-12-01,ark://27927/phx7snc64rb,2007,0,1
395,2001-05-01,ark://27927/phx7tnr8nfd,2001,1,0
396,2011-11-01,ark://27927/phx7tnsv114,2011,1,0
397,2011-05-01,ark://27927/phx7tnt0snt,2011,1,0
398,2006-12-15,ark://27927/phx7tp616rh,2006,1,0
399,2002-11-01,ark://27927/phx7z1cjqqv,2002,0,1
400,2016-12-14,ark://27927/phx82df0hm9,2016,1,0
401,2010-11-01,ark://27927/phx82drkgzj,2010,0,1
402,2016-05-01,ark://27927/phx82fqnrds,2016,0,1
403,2011-03-01,ark://27927/phx84g8259g,2011,1,0
404,2016-01-01,ark://27927/phx86gqt70r,2016,1,1
405,2016-01-01,ark://27927/phx86gqv081,2016,1,1
406,2013-08-01,ark://27927/phx8d7tgd7,2013,1,0
407,1992-09-01,ark://27927/phx9cn5325,1992,1,1
408,2014-05-01,ark://27927/phx9ttjrv5,2014,1,0
409,1995-05-01,ark://27927/phxf6n4bqd,1995,1,0
410,1993-03-01,ark://27927/phxgcs833d,1993,1,0
411,1991-03-01,ark://27927/phxhf6kwd8,1991,1,0
412,1995-03-01,ark://27927/phxhf7s1nx,1995,1,0
413,2016-12-01,ark://27927/phxm8hrhg3,2016,0,1
414,2016-10-04,ark://27927/phxm8rd5f5,2016,0,1
415,2016-10-03,ark://27927/phxmmws0n7,2016,1,0
416,2016-03-14,ark://27927/phxnsqhns2,2016,0,1
417,2016-11-01,ark://27927/phxxdbhgfh,2016,1,0
418,2018-04-01,ark://27927/phz103rj2rz,2018,0,1
419,2018-07-01,ark://27927/phz10tg2ft3,2018,0,1
420,2000-01-01,ark://27927/phz16msg7c,2000,1,0
421,2018-06-19,ark://27927/phz19g3k351,2018,0,1
422,2018-06-01,ark://27927/phz1cnhkd70,2018,1,0
423,2000-04-01,ark://27927/phz1fsbwtdg,2000,1,0
424,2005-12-01,ark://27927/phz1fxtc3q8,2005,0,1
425,2005-12-01,ark://27927/phz1fxtc41r,2005,1,0
426,2008-04-01,ark://27927/phz1fxtdcns,2008,1,0
427,2004-02-01,ark://27927/phz1fz7bv6p,2004,1,0
428,2008-10-01,ark://27927/phz1fz88kxm,2008,1,0
429,2008-04-01,ark://27927/phz1fz8b0r1,2008,1,0
430,2009-08-01,ark://27927/phz1gjcpr5m,2009,1,0
431,2009-02-01,ark://27927/phz1gmb9b18,2009,1,1
432,2003-01-01,ark://27927/phz1gmc6ss4,2003,1,0
433,2008-04-01,ark://27927/phz1khwfzmz,2008,1,0
434,2008-04-01,ark://27927/phz1khwg0nh,2008,1,0
435,2018-07-01,ark://27927/phz1m4nv50m,2018,1,0
436,2018-06-01,ark://27927/phz1mrv1p5p,2018,1,1
437,2018-07-05,ark://27927/phz1tvm6dg9,2018,1,0
438,2018-01-01,ark://27927/phz1tw0sj6h,2018,1,0
439,2018-09-01,ark://27927/phz1xrqpq07,2018,0,1
440,2018-07-01,ark://27927/phz1z6j7zbm,2018,0,1
441,2018-09-01,ark://27927/phz2493hxss,2018,1,0
442,2018-02-18,ark://27927/phz291b95mg,2018,0,1
443,2005-12-01,ark://27927/phz2g9k36jb,2005,0,1
444,2000-02-01,ark://27927/phz2h456689,2000,1,0
445,2013-09-01,ark://27927/phz2h4rfzth,2013,0,1
446,2009-03-01,ark://27927/phz2hx6sk19,2009,0,1
447,2013-01-01,ark://27927/phz2j4rwjfw,2013,1,0
448,2011-04-01,ark://27927/phz2js8gzfw,2011,0,1
449,2006-08-01,ark://27927/phz2jsmfmb2,2006,1,0
450,2010-01-01,ark://27927/phz2kq919xh,2010,1,0
451,2012-08-01,ark://27927/phz2kvxzzc8,2012,1,0
452,2018-09-01,ark://27927/phz2r0zqvzq,2018,0,1
453,2018-10-10,ark://27927/phz2r359rt3,2018,1,0
454,1994-01-01,ark://27927/phz2w1kcsd,1994,1,0
455,1995-07-01,ark://27927/phz2w1qjsm,1995,1,1
456,2006-01-01,ark://27927/phz2w2kh0v,2006,0,1
457,2013-11-01,ark://27927/phz2xvkjbtn,2013,1,0
458,2010-01-01,ark://27927/phz2xzgstt5,2010,1,1
459,2007-01-01,ark://27927/phz2z1cd9xm,2007,1,0
460,2001-04-01,ark://27927/phz31x82sk1,2001,1,0
461,2018-04-01,ark://27927/phz3212ktkq,2018,1,0
462,2018-10-01,ark://27927/phz32rg53mp,2018,0,1
463,1995-05-01,ark://27927/phz334kc6g,1995,0,1
464,2018-09-12,ark://27927/phz34zf1ddw,2018,0,1
465,1996-09-01,ark://27927/phz35n0x30,1996,0,1
466,2018-06-04,ark://27927/phz36v2n6fm,2018,1,0
467,2018-10-25,ark://27927/phz39b6fp2m,2018,0,1
468,2018-07-03,ark://27927/phz3ph481d7,2018,0,1
469,2018-08-02,ark://27927/phz3phcbbd0,2018,0,1
470,2018-08-01,ark://27927/phz3phcmtd3,2018,1,0
471,2018-10-01,ark://27927/phz3vznhbz3,2018,0,1
472,2018-04-01,ark://27927/phz40b1hsq,2018,1,0
473,2018-01-01,ark://27927/phz473fm8pk,2018,1,0
474,2018-01-01,ark://27927/phz478czftc,2018,0,1
475,2018-01-01,ark://27927/phz47t6f51p,2018,0,1
476,2018-01-01,ark://27927/phz47v6cm1v,2018,1,0
477,2017-01-01,ark://27927/phz48xddk94,2017,1,0
478,2017-01-01,ark://27927/phz49t1dwp2,2017,1,0
479,2018-10-01,ark://27927/phz4bnf190m,2018,0,1
480,2016-01-01,ark://27927/phz4nxdk0gp,2016,1,0
481,2016-01-01,ark://27927/phz4p16j813,2016,0,1
482,2005-02-01,ark://27927/phz4qrgbkz,2005,1,0
483,2002-01-01,ark://27927/phz5dg05bx5,2002,1,0
484,2003-01-01,ark://27927/phz5djczs3h,2003,1,0
485,1999-01-01,ark://27927/phz5fhxqwc7,1999,1,0
486,2002-01-01,ark://27927/phz5fvkspd9,2002,1,0
487,2015-01-01,ark://27927/phz5fw9wmt5,2015,1,0
488,2018-12-01,ark://27927/phz5g5jnttq,2018,0,1
489,2018-11-01,ark://27927/phz5qm6x2tr,2018,0,1
490,2010-09-02,ark://27927/phz5qwhwn71,2010,1,0
491,2010-12-29,ark://27927/phz5qwhwnbp,2010,1,0
492,2010-03-12,ark://27927/phz5qwhwnr9,2010,0,1
493,2018-08-13,ark://27927/phz5qwjcqzv,2018,0,1
494,2013-01-01,ark://27927/phz5zs096w8,2013,1,0
495,2018-12-19,ark://27927/phz62945vzr,2018,1,0
496,2019-01-01,ark://27927/phz65qpsd0j,2019,1,0
497,2019-01-01,ark://27927/phz674dgb98,2019,1,0
498,2019-01-17,ark://27927/phz67ggpkvn,2019,1,0
499,2018-10-01,ark://27927/phz69cw2s71,2018,0,1
500,2019-01-17,ark://27927/phz6b6n8xkp,2019,0,1
501,2019-01-01,ark://27927/phz6d2w8mt4,2019,0,1
502,2018-01-01,ark://27927/phz6d4t8wdk,2018,0,1
503,2018-01-01,ark://27927/phz6d4t97jf,2018,1,0
504,2019-01-01,ark://27927/phz6dg2z10z,2019,0,1
505,2019-03-01,ark://27927/phz6h19h8fc,2019,1,1
506,2017-03-14,ark://27927/phz6hbfc64z,2017,1,0
507,2018-09-01,ark://27927/phz6hdnhvjv,2018,0,1
508,2018-01-01,ark://27927/phz6qc7mkz8,2018,1,0
509,2019-01-01,ark://27927/phz6qrhj787,2019,0,1
510,2014-03-13,ark://27927/phz6r7bt32n,2014,1,0
511,2017-01-15,ark://27927/phz6r8xd9jq,2017,1,0
512,2019-03-01,ark://27927/phz6s10zn28,2019,1,0
513,2008-03-01,ark://27927/phz6x86qht,2008,1,0
514,2018-12-01,ark://27927/phz704hs7vx,2018,0,1
515,2018-12-01,ark://27927/phz7c1fnfdz,2018,1,0
516,2010-02-01,ark://27927/phz7dtmg5r2,2010,1,0
517,2010-12-01,ark://27927/phz7dxrtsnk,2010,1,0
518,2019-03-01,ark://27927/phz7hn0t6qv,2019,0,1
519,2019-01-15,ark://27927/phz7krf71j4,2019,1,0
520,2012-04-02,ark://27927/phz7pnjthc2,2012,0,1
521,2012-05-23,ark://27927/phz7qkx3vkw,2012,1,0
522,2010-10-13,ark://27927/phz7qm8pzfb,2010,1,0
523,2019-04-03,ark://27927/phz7z3xzgfx,2019,1,0
524,2015-01-01,ark://27927/phz82vr0hm1,2015,1,0
525,1993-12-01,ark://27927/phz8c080j9c,1993,1,0
526,2019-03-11,ark://27927/phz8c6dz9g9,2019,1,0
527,2019-05-15,ark://27927/phz8c76qpvd,2019,1,0
528,2019-05-14,ark://27927/phz8cfz23mx,2019,1,0
529,2019-05-21,ark://27927/phz8j860czk,2019,1,0
530,2019-05-08,ark://27927/phz8q1dv63z,2019,1,0
531,2019-06-01,ark://27927/phz8q3x8191,2019,0,1
532,2019-06-03,ark://27927/phz8q51cx93,2019,0,1
533,2019-01-01,ark://27927/phz8q55r5h4,2019,0,1
534,2019-04-01,ark://27927/phz8q71kgqq,2019,1,0
535,2019-07-01,ark://27927/phz8qkmcrc6,2019,1,0
536,2019-07-01,ark://27927/phz8s10v5sv,2019,1,0
537,2013-01-01,ark://27927/phz8tds96j1,2013,0,1
538,2018-01-01,ark://27927/phz8tf23qnj,2018,0,1
539,2017-01-01,ark://27927/phz8tfctdcn,2017,0,1
540,2019-06-14,ark://27927/phz8txq6t6p,2019,1,0
541,2019-07-01,ark://27927/phz8vgbhnp7,2019,1,0
542,2019-08-10,ark://27927/phz949vsc7t,2019,1,0
543,2011-01-01,ark://27927/phz9553z7sv,2011,0,1
544,2019-01-01,ark://27927/phz955mpp0r,2019,0,1
545,2001-01-01,ark://27927/phz957rpx23,2001,1,0
546,2008-01-01,ark://27927/phz95bn801p,2008,1,0
547,2004-12-01,ark://27927/phz96d1rrd1,2004,1,0
548,2011-06-01,ark://27927/phz96dpxzbz,2011,1,0
549,2007-12-01,ark://27927/phz96fcpcw0,2007,0,1
550,1996-03-01,ark://27927/phz96fq1pd7,1996,0,1
551,2019-01-01,ark://27927/phz96mhd2c2,2019,1,0
552,2018-12-03,ark://27927/phz96n9bjf5,2018,0,1
553,2019-04-01,ark://27927/phz96n9bvw0,2019,0,1
554,2005-09-01,ark://27927/phz970bbkkv,2005,1,0
555,2019-07-01,ark://27927/phz99sfnmbg,2019,1,0
556,2019-06-01,ark://27927/phz9gwfd411,2019,1,0
557,2019-06-01,ark://27927/phz9gwfd6pj,2019,0,1
558,2019-06-01,ark://27927/phz9gwfdcm1,2019,0,1
559,2019-08-01,ark://27927/phz9hqd1gfc,2019,1,0
560,2019-01-01,ark://27927/phz9n4mwpn1,2019,0,1
561,2019-08-21,ark://27927/phz9qb19127,2019,0,1
562,2019-10-01,ark://27927/phz9t8rs4qr,2019,1,0
563,2019-01-01,ark://27927/phz9tn9mq3x,2019,1,0
564,2019-09-17,ark://27927/phz9v66bf5p,2019,1,0
565,2019-09-01,ark://27927/phz9xjkwxq9,2019,1,0
566,2019-09-01,ark://27927/phzb2c0567r,2019,1,1
567,2019-09-02,ark://27927/phzb5hsh70b,2019,0,1
568,2017-02-28,ark://27927/phzb8hnqvh5,2017,1,0
569,2019-12-01,ark://27927/phzbcq47xxz,2019,1,0
570,2018-08-01,ark://27927/phzbq4gkc1d,2018,1,0
571,2019-09-01,ark://27927/phzbq63bw93,2019,1,0
572,2019-09-01,ark://27927/phzbqbvvh6h,2019,1,0
573,2019-11-01,ark://27927/phzbqdk38p7,2019,1,0
574,2012-02-01,ark://27927/phzbqt9xfmp,2012,1,0
575,2019-11-18,ark://27927/phzbrkqqr0c,2019,0,1
576,2019-09-01,ark://27927/phzbvqvcjkd,2019,1,0
577,2003-07-01,ark://27927/phzbxhwdzq1,2003,1,0
578,2018-01-01,ark://27927/phzbxpj32wk,2018,1,0
579,2018-01-01,ark://27927/phzbxq8h130,2018,1,1
580,2019-12-01,ark://27927/phzc0p82q6d,2019,1,0
581,2020-01-01,ark://27927/phzc92n01mm,2020,1,0
582,2020-01-01,ark://27927/phzcp0pvfh1,2020,1,0
583,2020-02-01,ark://27927/phzcpdf9wwx,2020,0,1
584,2016-09-01,ark://27927/phzcptwp0j2,2016,0,1
585,2019-12-01,ark://27927/phzcqxc35q3,2019,1,0
586,2020-02-01,ark://27927/phzcrzt5xq2,2020,0,1
587,2020-01-17,ark://27927/phzd00cb4n2,2020,1,0
588,2020-01-25,ark://27927/phzd28pn1s5,2020,0,1
589,2020-02-01,ark://27927/phzd2fgnvv2,2020,1,0
590,2020-02-01,ark://27927/phzd2jhjm0w,2020,1,0
591,2020-03-29,ark://27927/phzd6zgx0qh,2020,1,0
592,2020-01-01,ark://27927/phzdjs5469k,2020,1,0
593,2019-07-01,ark://27927/phzdnxgkvq4,2019,0,1
594,2008-01-01,ark://27927/phzdwn832ts,2008,1,0
595,2020-04-01,ark://27927/phzdz2rrrqn,2020,1,0
596,2017-01-01,ark://27927/phzfjkgtj99,2017,1,0
597,2013-01-01,ark://27927/phzfjqd2z17,2013,1,0
598,2019-01-01,ark://27927/phzfjwk8z89,2019,1,0
599,2020-03-01,ark://27927/phzfnb2hf75,2020,1,0
600,2020-01-01,ark://27927/phzfpjc0kbj,2020,0,1
601,2020-05-01,ark://27927/phzfqvwckzm,2020,1,0
602,2020-07-01,ark://27927/phzfrb356kt,2020,0,1
603,2020-06-01,ark://27927/phzfs7x73fx,2020,0,1
604,2020-06-01,ark://27927/phzfv6q8k04,2020,1,0
605,2020-06-01,ark://27927/phzfxfc792s,2020,0,1
606,2020-06-26,ark://27927/phzg4mcvpct,2020,1,0
607,2020-01-01,ark://27927/phzg4vb8r6b,2020,1,0
608,2020-07-01,ark://27927/phzg5966wm1,2020,0,1
609,2020-06-29,ark://27927/phzg5r40s70,2020,1,0
610,2020-07-01,ark://27927/phzg5rbndns,2020,1,0
611,2020-07-01,ark://27927/phzg66dfz30,2020,1,0
612,2020-06-01,ark://27927/phzgbxqmwt6,2020,0,1
613,2020-08-25,ark://27927/phzgcvpm7sx,2020,1,0
614,2020-01-01,ark://27927/phzgdqwzz99,2020,1,0
615,2020-07-29,ark://27927/phzggj9mt8x,2020,0,1
616,2020-09-01,ark://27927/phzghzrtshb,2020,0,1
617,2020-08-01,ark://27927/phzgp8477hd,2020,1,0
618,2020-09-10,ark://27927/phzgtqnt320,2020,0,1
619,2020-09-10,ark://27927/phzgtqnt3px,2020,0,1
620,2020-07-01,ark://27927/phzgtw8ndzq,2020,1,0
621,2020-09-01,ark://27927/phzh4q230wp,2020,1,0
622,2020-10-01,ark://27927/phzhf8dxmz6,2020,1,0
623,2020-09-30,ark://27927/phzhfd6wngg,2020,1,0
624,2020-10-05,ark://27927/phzhknr03hs,2020,1,0
625,2020-09-01,ark://27927/phzhp8x7ws9,2020,0,1
626,2020-01-01,ark://27927/phzhzsmxrd1,2020,0,1
627,2020-11-01,ark://27927/phzj0g158gn,2020,0,1
628,2020-11-01,ark://27927/phzj0g158k9,2020,0,1
629,2020-11-16,ark://27927/phzj74ffg40,2020,0,1
630,2020-11-16,ark://27927/phzj74ffjf0,2020,1,0
631,2020-11-16,ark://27927/phzj74ffkbv,2020,0,1
632,2020-11-24,ark://27927/phzjb77njhp,2020,1,0
633,2020-12-01,ark://27927/phzjfn20px2,2020,1,0
634,2019-01-01,ark://27927/phzjx4mhcnh,2019,1,0
635,2020-01-01,ark://27927/phzjzf1d7t7,2020,1,1
636,2020-12-01,ark://27927/phzk33bxjrs,2020,1,0
637,2020-12-01,ark://27927/phzk33nqn1w,2020,1,0
638,2003-01-01,ark://27927/phzkf8fx2m,2003,0,1
639,2021-01-22,ark://27927/phzkfxc8ph0,2021,0,1
640,2020-11-01,ark://27927/phzkk714n3p,2020,1,0
641,2003-09-01,ark://27927/phzkm94ptw,2003,1,0
642,2021-02-02,ark://27927/phzkrbxbn4x,2021,0,1
643,2021-02-09,ark://27927/phzktd0fnft,2021,1,0
644,2021-08-30,ark://27927/phzkthsg5mc,2021,1,0
645,2019-11-01,ark://27927/phzkxpzzs3m,2019,1,0
646,2021-03-01,ark://27927/phzm394qb2w,2021,0,1
647,2016-12-14,ark://27927/phzmb2f5m0,2016,1,1
648,2021-02-23,ark://27927/phzmbfbsrzd,2021,0,1
649,2021-04-01,ark://27927/phzmgx4fzms,2021,1,1
650,2015-10-01,ark://27927/phzmkwdngz8,2015,0,1
651,2015-07-01,ark://27927/phzmm4cj9b4,2015,1,0
652,2018-01-01,ark://27927/phzmm8hh48d,2018,1,0
653,2020-11-01,ark://27927/phzmmf31tnr,2020,0,1
654,2020-12-01,ark://27927/phzmmgt8tnz,2020,0,1
655,2021-02-01,ark://27927/phzmnp98hdk,2021,1,0
656,2021-04-01,ark://27927/phzmr5prhmh,2021,1,0
657,2011-06-03,ark://27927/phzms6nv7c9,2011,0,1
658,2021-04-01,ark://27927/phzms75kf2q,2021,0,1
659,2021-04-01,ark://27927/phznf3vb3xt,2021,0,1
660,2021-06-01,ark://27927/phznfzkqpw4,2021,0,1
661,2021-01-01,ark://27927/phznz10pfvc,2021,1,0
662,2022-01-19,ark://27927/phzpb10vgmz,2022,0,1
663,2021-06-01,ark://27927/phzpcj8f8rf,2021,0,1
664,2021-01-01,ark://27927/phzpgz14r4c,2021,1,0
665,2021-01-01,ark://27927/phzpj6j8kpx,2021,1,0
666,2022-01-18,ark://27927/phzppz3x59m,2022,1,0
667,2021-07-01,ark://27927/phzpqrrtbzn,2021,0,1
668,2021-01-01,ark://27927/phzptppnxkc,2021,0,1
669,2021-09-01,ark://27927/phzq0g4nx2p,2021,0,1
670,2021-01-01,ark://27927/phzq26wngp6,2021,1,1
671,2021-01-01,ark://27927/phzq5nzq73k,2021,0,1
672,2021-01-01,ark://27927/phzq6hp738n,2021,0,1
673,2021-01-05,ark://27927/phzq7gnrr5k,2021,1,0
674,2018-04-23,ark://27927/phzqbv7w4r,2018,1,0
675,2011-08-20,ark://27927/phzzcmhb8k,2011,1,0
676,2011-05-31,ark://27927/phzzcmhbjq,2011,1,1
677,2012-06-30,ark://27927/phzzcmhnm3,2012,1,0
678,2012-12-15,ark://27927/phzzcmhqqm,2012,0,1
679,2013-04-30,ark://27927/phzzcmwhfh,2013,0,1
680,2021-11-01,ark://27927/pjb108gp65r,2021,1,0
681,2021-11-18,ark://27927/pjb12tjjdch,2021,1,0
682,2021-12-25,ark://27927/pjb1546q0gr,2021,1,0
683,2021-01-01,ark://27927/pjb1f6zmdhs,2021,1,0
684,2021-12-15,ark://27927/pjb1rz699dw,2021,1,1
685,2021-12-21,ark://27927/pjb1wc5zwkn,2021,1,0
686,2021-01-01,ark://27927/pjb1z5zg06z,2021,0,1
687,2022-01-01,ark://27927/pjb24mm75kc,2022,1,0
688,2022-02-01,ark://27927/pjb2cmjgb5g,2022,0,1
689,2022-02-01,ark://27927/pjb2jbn9ht2,2022,1,0
690,2022-02-01,ark://27927/pjb2mk8r5z3,2022,1,0
691,2016-02-14,ark://27927/pjb2nd23pt3,2016,0,1
692,2022-02-01,ark://27927/pjb2nmqh03z,2022,1,0
693,2022-01-01,ark://27927/pjb35f0qtsv,2022,0,1
694,2022-03-08,ark://27927/pjb37tzv0z0,2022,1,0
695,2022-01-01,ark://27927/pjb39p1mq8f,2022,0,1
696,2020-01-01,ark://27927/pjb3cg0w846,2020,1,0
697,2022-05-05,ark://27927/pjb3d9376mc,2022,1,0
698,2022-01-01,ark://27927/pjb3gnhxc3m,2022,0,1
699,2022-05-01,ark://27927/pjb3jt78mk1,2022,1,0
700,2022-04-01,ark://27927/pjb3m8k0f3g,2022,1,0
701,2021-09-01,ark://27927/pjb4jsszrg6,2021,1,0
702,2022-01-01,ark://27927/pjb4jwrgj9c,2022,1,0
703,2022-01-01,ark://27927/pjb4k2gfzc2,2022,0,1
704,2022-01-01,ark://27927/pjb4kh3gx0d,2022,1,0
705,2022-07-01,ark://27927/pjb4qs9tr71,2022,0,1
706,2022-01-01,ark://27927/pjb5dgt8135,2022,0,1
707,2022-01-01,ark://27927/pjb5mn07t4q,2022,0,1
708,2021-09-01,ark://27927/pjb5s1j8p0j,2021,0,1
709,2022-06-01,ark://27927/pjb5w1t0fsg,2022,1,1
710,2022-01-01,ark://27927/pjb617r2krd,2022,1,0
711,2022-09-01,ark://27927/pjb65bbftq5,2022,1,1
712,2011-04-01,ark://27927/pjb65mzk258,2011,0,1
713,2022-01-01,ark://27927/pjb6860zw3h,2022,0,1
714,2021-10-01,ark://27927/pjb75sgwtc,2021,1,1
715,2021-10-01,ark://27927/pjb787t8bf,2021,1,0
716,2021-10-18,ark://27927/pjb8xd126s,2021,0,1
717,2021-10-01,ark://27927/pjbbfptrs7,2021,0,1
718,2021-10-01,ark://27927/pjbbfpvgr9,2021,0,1
719,2021-10-01,ark://27927/pjbbfpvkzv,2021,0,1
720,2021-10-01,ark://27927/pjbbfpwkhk,2021,0,1
721,2021-01-01,ark://27927/pjbgf0wfhr,2021,1,0
722,2011-03-01,http://www.jstor.org/stable/10.1086/658171,2011,1,0
723,2015-01-01,http://www.jstor.org/stable/10.1086/679601,2015,0,1
724,2014-09-01,http://www.jstor.org/stable/10.5615/neareastarch.77.3.0166,2014,0,1
725,1996-04-01,http://www.jstor.org/stable/1403422,1996,1,0
726,2008-07-01,http://www.jstor.org/stable/20141567,2008,1,0
727,2007-10-01,http://www.jstor.org/stable/20708250,2007,0,1
728,2006-02-01,http://www.jstor.org/stable/20747900,2006,1,0
729,1992-06-01,http://www.jstor.org/stable/2290262,1992,1,0
730,2008-03-01,http://www.jstor.org/stable/23015424,2008,1,0
731,2010-03-01,http://www.jstor.org/stable/23015519,2010,1,0
732,2002-03-01,http://www.jstor.org/stable/23366730,2002,1,0
733,2013-06-01,http://www.jstor.org/stable/23434020,2013,1,0
734,2010-01-01,http://www.jstor.org/stable/23614948,2010,0,1
735,2006-04-01,http://www.jstor.org/stable/23672988,2006,1,0
736,2014-04-01,http://www.jstor.org/stable/23723482,2014,1,0
737,2011-10-01,http://www.jstor.org/stable/23891863,2011,1,0
738,2005-07-10,http://www.jstor.org/stable/24110437,2005,0,1
739,2015-11-01,http://www.jstor.org/stable/24592135,2015,1,0
740,2014-04-01,http://www.jstor.org/stable/24710411,2014,1,0
741,2016-01-01,http://www.jstor.org/stable/24737357,2016,0,1
742,2015-03-01,http://www.jstor.org/stable/24773556,2015,1,0
743,1995-09-01,http://www.jstor.org/stable/25062053,1995,0,1
744,2001-07-01,http://www.jstor.org/stable/25062716,2001,1,0
745,2006-06-01,http://www.jstor.org/stable/25148731,2006,1,0
746,2009-12-01,http://www.jstor.org/stable/25654032,2009,0,1
747,2010-09-13,http://www.jstor.org/stable/25704704,2010,1,0
748,2010-08-03,http://www.jstor.org/stable/25708796,2010,1,0
749,2016-05-01,http://www.jstor.org/stable/26267450,2016,1,0
750,2017-04-01,http://www.jstor.org/stable/26285030,2017,1,0
751,2017-01-01,http://www.jstor.org/stable/26502876,2017,1,0
752,2017-04-01,http://www.jstor.org/stable/26558113,2017,1,0
753,2018-11-01,http://www.jstor.org/stable/26582230,2018,0,1
754,2018-01-01,http://www.jstor.org/stable/26582290,2018,1,0
755,2017-03-01,http://www.jstor.org/stable/26637501,2017,1,0
756,2018-01-01,http://www.jstor.org/stable/26649632,2018,1,0
757,2016-11-01,http://www.jstor.org/stable/26660010,2016,1,1
758,2017-10-01,http://www.jstor.org/stable/26660517,2017,0,1
759,2019-06-01,http://www.jstor.org/stable/26748420,2019,0,1
760,2018-06-01,http://www.jstor.org/stable/26748461,2018,0,1
761,2019-07-09,http://www.jstor.org/stable/26760962,2019,0,1
762,2019-08-27,http://www.jstor.org/stable/26850763,2019,1,0
763,2019-04-01,http://www.jstor.org/stable/26860672,2019,1,0
764,2020-02-11,http://www.jstor.org/stable/26928780,2020,1,0
765,2019-08-01,http://www.jstor.org/stable/27022677,2019,1,0
766,2007-12-01,http://www.jstor.org/stable/27654733,2007,1,0
767,1996-12-01,http://www.jstor.org/stable/27750809,1996,0,1
768,2010-10-01,http://www.jstor.org/stable/27949547,2010,1,0
769,1994-01-01,http://www.jstor.org/stable/30200332,1994,1,1
770,1992-04-01,http://www.jstor.org/stable/3380617,1992,1,0
771,2005-06-01,http://www.jstor.org/stable/3865656,2005,1,0
772,2000-10-01,http://www.jstor.org/stable/40180241,2000,1,0
773,1990-12-01,http://www.jstor.org/stable/40397955,1990,1,0
774,1996-04-01,http://www.jstor.org/stable/40398183,1996,1,0
775,2000-07-01,http://www.jstor.org/stable/40398469,2000,1,0
776,2003-12-01,http://www.jstor.org/stable/40398640,2003,1,0
777,2009-06-28,http://www.jstor.org/stable/40485598,2009,1,0
778,2010-02-01,http://www.jstor.org/stable/40603140,2010,0,1
779,1993-12-01,http://www.jstor.org/stable/40680214,1993,1,0
780,1988-10-01,http://www.jstor.org/stable/40785217,1988,0,1
781,2007-04-01,http://www.jstor.org/stable/40859355,2007,0,1
782,2010-11-01,http://www.jstor.org/stable/40928085,2010,1,0
783,2010-12-01,http://www.jstor.org/stable/41059870,2010,1,0
784,2003-03-01,http://www.jstor.org/stable/4132403,2003,1,0
785,1992-10-01,http://www.jstor.org/stable/41432906,1992,1,0
786,2012-03-01,http://www.jstor.org/stable/41472185,2012,1,0
787,2012-06-01,http://www.jstor.org/stable/41703464,2012,1,0
788,2012-04-01,http://www.jstor.org/stable/41713857,2012,1,0
789,1992-09-01,http://www.jstor.org/stable/43090096,1992,1,0
790,2004-11-01,http://www.jstor.org/stable/43092363,2004,1,0
791,2007-09-01,http://www.jstor.org/stable/43739716,2007,1,0
792,2000-08-01,http://www.jstor.org/stable/43748901,2000,1,0
793,2003-01-01,http://www.jstor.org/stable/43750347,2003,0,1
794,2016-04-01,http://www.jstor.org/stable/43868481,2016,0,1
795,2016-05-01,http://www.jstor.org/stable/44028769,2016,1,0
796,2013-01-01,http://www.jstor.org/stable/44216322,2013,0,1
797,2000-01-01,http://www.jstor.org/stable/44686954,2000,1,0
798,2001-05-01,http://www.jstor.org/stable/4480315,2001,1,0
799,2008-04-01,http://www.jstor.org/stable/45055757,2008,0,1
800,2017-05-01,http://www.jstor.org/stable/45118421,2017,1,0
801,2018-01-01,http://www.jstor.org/stable/45217256,2018,1,0
802,2017-03-01,http://www.jstor.org/stable/48509222,2017,1,0
803,2016-11-01,http://www.jstor.org/stable/48566987,2016,1,0
804,2016-09-01,http://www.jstor.org/stable/48691880,2016,1,0
805,2019-01-01,http://www.jstor.org/stable/48700047,2019,1,0
806,2013-01-01,http://www.jstor.org/stable/j.ctt6wq4p0,2013,1,0
807,2013-01-01,http://www.jstor.org/stable/j.ctt6wq4p0.79,2013,1,0
808,2012-01-01,http://www.jstor.org/stable/j.ctt6wq4sf.34,2012,1,0
809,2019-01-01,http://www.jstor.org/stable/j.ctv2x00vjh,2019,1,0
810,2019-01-01,http://www.jstor.org/stable/j.ctv2x00vjh.28,2019,1,0
811,2017-01-01,http://www.jstor.org/stable/j.ctv3t5qjk,2017,1,0
812,2017-01-01,http://www.jstor.org/stable/j.ctv3t5qjk.26,2017,1,0
813,2017-01-01,http://www.jstor.org/stable/j.ctvhhhdbh.82,2017,1,0
814,2009-10-01,http://www.jstor.org/stable/jeductechsoci.12.4.43,2009,1,0
815,2013-10-01,http://www.jstor.org/stable/jeductechsoci.16.4.146,2013,1,0
816,2015-01-01,http://www.jstor.org/stable/jeductechsoci.18.1.308,2015,1,0
817,2003-10-01,http://www.jstor.org/stable/jeductechsoci.6.4.86,2003,1,0
818,2005-10-01,http://www.jstor.org/stable/jeductechsoci.8.4.120,2005,0,1
819,2006-04-01,http://www.jstor.org/stable/jeductechsoci.9.2.19,2006,0,1
820,2023-01-01,http://www.jstor.org/stable/jj.2430371,2023,1,1
821,2023-01-01,http://www.jstor.org/stable/jj.2430371.9,2023,1,1
822,2017-02-24,http://www.jstor.org/stable/resrep22867,2017,1,0
823,2015-11-24,http://www.jstor.org/stable/resrep36511,2015,1,0
